pid,url
001,http://www.sz.gov.cn/szzt2010/yqfk2020/qktb/content/post_9673321.html
001,http://www.sz.gov.cn/szzt2010/yqfk2020/qktb/content/post_9653522.html
001,http://www.sz.gov.cn/szzt2010/yqfk2020/qktb/content/post_9650911.html
001,http://www.sz.gov.cn/szzt2010/yqfk2020/qktb/content/post_9643167.html
001,http://www.sz.gov.cn/szzt2010/yqfk2020/qktb/content/post_9640819.html
001,http://www.sz.gov.cn/szzt2010/yqfk2020/qktb/content/post_9639410.html
001,http://www.sz.gov.cn/szzt2010/yqfk2020/qktb/content/post_9638959.html
001,http://www.sz.gov.cn/szzt2010/yqfk2020/qktb/content/post_9637184.html
001,http://www.sz.gov.cn/szzt2010/yqfk2020/qktb/content/post_9635093.html
001,http://www.sz.gov.cn/szzt2010/yqfk2020/qktb/content/post_9633095.html
002,http://www.sz.gov.cn/szzt2010/yqfk2020/qktb/content/post_9628575.html
002,http://www.sz.gov.cn/szzt2010/yqfk2020/qktb/content/post_9626316.html
002,http://www.sz.gov.cn/szzt2010/yqfk2020/qktb/content/post_9625081.html
002,http://www.sz.gov.cn/szzt2010/yqfk2020/qktb/content/post_9624669.html
002,http://www.sz.gov.cn/szzt2010/yqfk2020/qktb/content/post_9623594.html
002,http://www.sz.gov.cn/szzt2010/yqfk2020/qktb/content/post_9621908.html
002,http://www.sz.gov.cn/szzt2010/yqfk2020/qktb/content/post_9620501.html
002,http://www.sz.gov.cn/szzt2010/yqfk2020/qktb/content/post_9618853.html
002,http://www.sz.gov.cn/szzt2010/yqfk2020/qktb/content/post_9616965.html
002,http://www.sz.gov.cn/szzt2010/yqfk2020/qktb/content/post_9615514.html
003,http://www.sz.gov.cn/szzt2010/yqfk2020/qktb/content/post_9615125.html
003,http://www.sz.gov.cn/szzt2010/yqfk2020/qktb/content/post_9613604.html
003,http://www.sz.gov.cn/szzt2010/yqfk2020/qktb/content/post_9611473.html
003,http://www.sz.gov.cn/szzt2010/yqfk2020/qktb/content/post_9609343.html
003,http://www.sz.gov.cn/szzt2010/yqfk2020/qktb/content/post_9607612.html
003,http://www.sz.gov.cn/szzt2010/yqfk2020/qktb/content/post_9605182.html
003,http://www.sz.gov.cn/szzt2010/yqfk2020/qktb/content/post_9604162.html
003,http://www.sz.gov.cn/szzt2010/yqfk2020/qktb/content/post_9603701.html
003,http://www.sz.gov.cn/szzt2010/yqfk2020/qktb/content/post_9602065.html
003,http://www.sz.gov.cn/szzt2010/yqfk2020/qktb/content/post_9600315.html
004,http://www.sz.gov.cn/szzt2010/yqfk2020/qktb/content/post_9597474.html
004,http://www.sz.gov.cn/szzt2010/yqfk2020/qktb/content/post_9595194.html
004,http://www.sz.gov.cn/szzt2010/yqfk2020/qktb/content/post_9592669.html
004,http://www.sz.gov.cn/szzt2010/yqfk2020/qktb/content/post_9591685.html
004,http://www.sz.gov.cn/szzt2010/yqfk2020/qktb/content/post_9591471.html
004,http://www.sz.gov.cn/szzt2010/yqfk2020/qktb/content/post_9589949.html
004,http://www.sz.gov.cn/szzt2010/yqfk2020/qktb/content/post_9587425.html
004,http://www.sz.gov.cn/szzt2010/yqfk2020/qktb/content/post_9585469.html
004,http://www.sz.gov.cn/szzt2010/yqfk2020/qktb/content/post_9583464.html
004,http://www.sz.gov.cn/szzt2010/yqfk2020/qktb/content/post_9581390.html
005,http://www.sz.gov.cn/szzt2010/yqfk2020/qktb/content/post_9580318.html
005,http://www.sz.gov.cn/szzt2010/yqfk2020/qktb/content/post_9580171.html
005,http://www.sz.gov.cn/szzt2010/yqfk2020/qktb/content/post_9578818.html
005,http://www.sz.gov.cn/szzt2010/yqfk2020/qktb/content/post_9577064.html
005,http://www.sz.gov.cn/szzt2010/yqfk2020/qktb/content/post_9574991.html
005,http://www.sz.gov.cn/szzt2010/yqfk2020/qktb/content/post_9572926.html
005,http://www.sz.gov.cn/szzt2010/yqfk2020/qktb/content/post_9571315.html
005,http://www.sz.gov.cn/szzt2010/yqfk2020/qktb/content/post_9570505.html
005,http://www.sz.gov.cn/szzt2010/yqfk2020/qktb/content/post_9570368.html
005,http://www.sz.gov.cn/szzt2010/yqfk2020/qktb/content/post_9569115.html
006,http://www.sz.gov.cn/szzt2010/yqfk2020/qktb/content/post_9561470.html
006,http://www.sz.gov.cn/szzt2010/yqfk2020/qktb/content/post_9559437.html
006,http://www.sz.gov.cn/szzt2010/yqfk2020/qktb/content/post_9555412.html
006,http://www.sz.gov.cn/szzt2010/yqfk2020/qktb/content/post_9553678.html
006,http://www.sz.gov.cn/szzt2010/yqfk2020/qktb/content/post_9553062.html
006,http://www.sz.gov.cn/szzt2010/yqfk2020/qktb/content/post_9552870.html
006,http://www.sz.gov.cn/szzt2010/yqfk2020/qktb/content/post_9552635.html
006,http://www.sz.gov.cn/szzt2010/yqfk2020/qktb/content/post_9552538.html
006,http://www.sz.gov.cn/szzt2010/yqfk2020/qktb/content/post_9552370.html
006,http://www.sz.gov.cn/szzt2010/yqfk2020/qktb/content/post_9552156.html
007,http://www.sz.gov.cn/szzt2010/yqfk2020/qktb/content/post_9552067.html
007,http://www.sz.gov.cn/szzt2010/yqfk2020/qktb/content/post_9550976.html
007,http://www.sz.gov.cn/szzt2010/yqfk2020/qktb/content/post_9548222.html
007,http://www.sz.gov.cn/szzt2010/yqfk2020/qktb/content/post_9545865.html
007,http://www.sz.gov.cn/szzt2010/yqfk2020/qktb/content/post_9543667.html
007,http://www.sz.gov.cn/szzt2010/yqfk2020/qktb/content/post_9541490.html
007,http://www.sz.gov.cn/szzt2010/yqfk2020/qktb/content/post_9539186.html
007,http://www.sz.gov.cn/szzt2010/yqfk2020/qktb/content/post_9535978.html
007,http://www.sz.gov.cn/szzt2010/yqfk2020/qktb/content/post_9535113.html
007,http://www.sz.gov.cn/szzt2010/yqfk2020/qktb/content/post_9534928.html
008,http://www.sz.gov.cn/szzt2010/yqfk2020/qktb/content/post_9533162.html
008,http://www.sz.gov.cn/szzt2010/yqfk2020/qktb/content/post_9530203.html
008,http://www.sz.gov.cn/szzt2010/yqfk2020/qktb/content/post_9528170.html
008,http://www.sz.gov.cn/szzt2010/yqfk2020/qktb/content/post_9525610.html
008,http://www.sz.gov.cn/szzt2010/yqfk2020/qktb/content/post_9522875.html
008,http://www.sz.gov.cn/szzt2010/yqfk2020/qktb/content/post_9522293.html
008,http://www.sz.gov.cn/szzt2010/yqfk2020/qktb/content/post_9522071.html
008,http://www.sz.gov.cn/szzt2010/yqfk2020/qktb/content/post_9520652.html
008,http://www.sz.gov.cn/szzt2010/yqfk2020/qktb/content/post_9518253.html
008,http://www.sz.gov.cn/szzt2010/yqfk2020/qktb/content/post_9515766.html
009,http://www.sz.gov.cn/szzt2010/yqfk2020/qktb/content/post_9512086.html
009,http://www.sz.gov.cn/szzt2010/yqfk2020/qktb/content/post_9508986.html
009,http://www.sz.gov.cn/szzt2010/yqfk2020/qktb/content/post_9508278.html
009,http://www.sz.gov.cn/szzt2010/yqfk2020/qktb/content/post_9508053.html
009,http://www.sz.gov.cn/szzt2010/yqfk2020/qktb/content/post_9505705.html
009,http://www.sz.gov.cn/szzt2010/yqfk2020/qktb/content/post_9503433.html
009,http://www.sz.gov.cn/szzt2010/yqfk2020/qktb/content/post_9500683.html
009,http://www.sz.gov.cn/szzt2010/yqfk2020/qktb/content/post_9497644.html
009,http://www.sz.gov.cn/szzt2010/yqfk2020/qktb/content/post_9496961.html
009,http://www.sz.gov.cn/szzt2010/yqfk2020/qktb/content/post_9496918.html
010,http://www.sz.gov.cn/szzt2010/yqfk2020/qktb/content/post_9496871.html
010,http://www.sz.gov.cn/szzt2010/yqfk2020/qktb/content/post_9494263.html
010,http://www.sz.gov.cn/szzt2010/yqfk2020/qktb/content/post_9490600.html
010,http://www.sz.gov.cn/szzt2010/yqfk2020/qktb/content/post_9486928.html
010,http://www.sz.gov.cn/szzt2010/yqfk2020/qktb/content/post_9483178.html
010,http://www.sz.gov.cn/szzt2010/yqfk2020/qktb/content/post_9479593.html
010,http://www.sz.gov.cn/szzt2010/yqfk2020/qktb/content/post_9478534.html
010,http://www.sz.gov.cn/szzt2010/yqfk2020/qktb/content/post_9478456.html
010,http://www.sz.gov.cn/szzt2010/yqfk2020/qktb/content/post_9476265.html
010,http://www.sz.gov.cn/szzt2010/yqfk2020/qktb/content/post_9473270.html
011,http://www.sz.gov.cn/szzt2010/yqfk2020/qktb/content/post_9469041.html
011,http://www.sz.gov.cn/szzt2010/yqfk2020/qktb/content/post_9466312.html
011,http://www.sz.gov.cn/szzt2010/yqfk2020/qktb/content/post_9461960.html
011,http://www.sz.gov.cn/szzt2010/yqfk2020/qktb/content/post_9460845.html
011,http://www.sz.gov.cn/szzt2010/yqfk2020/qktb/content/post_9460553.html
011,http://www.sz.gov.cn/szzt2010/yqfk2020/qktb/content/post_9457835.html
011,http://www.sz.gov.cn/szzt2010/yqfk2020/qktb/content/post_9455050.html
011,http://www.sz.gov.cn/szzt2010/yqfk2020/qktb/content/post_9450892.html
011,http://www.sz.gov.cn/szzt2010/yqfk2020/qktb/content/post_9447811.html
011,http://www.sz.gov.cn/szzt2010/yqfk2020/qktb/content/post_9445297.html
012,http://www.sz.gov.cn/szzt2010/yqfk2020/qktb/content/post_9443909.html
012,http://www.sz.gov.cn/szzt2010/yqfk2020/qktb/content/post_9443714.html
012,http://www.sz.gov.cn/szzt2010/yqfk2020/qktb/content/post_9441165.html
012,http://www.sz.gov.cn/szzt2010/yqfk2020/qktb/content/post_9438396.html
012,http://www.sz.gov.cn/szzt2010/yqfk2020/qktb/content/post_9435417.html
012,http://www.sz.gov.cn/szzt2010/yqfk2020/qktb/content/post_9431896.html
012,http://www.sz.gov.cn/szzt2010/yqfk2020/qktb/content/post_9429113.html
012,http://www.sz.gov.cn/szzt2010/yqfk2020/qktb/content/post_9427650.html
012,http://www.sz.gov.cn/szzt2010/yqfk2020/qktb/content/post_9427525.html
012,http://www.sz.gov.cn/szzt2010/yqfk2020/qktb/content/post_9424858.html
013,http://www.sz.gov.cn/szzt2010/yqfk2020/qktb/content/post_9420994.html
013,http://www.sz.gov.cn/szzt2010/yqfk2020/qktb/content/post_9417552.html
013,http://www.sz.gov.cn/szzt2010/yqfk2020/qktb/content/post_9414176.html
013,http://www.sz.gov.cn/szzt2010/yqfk2020/qktb/content/post_9404134.html
013,http://www.sz.gov.cn/szzt2010/yqfk2020/qktb/content/post_9403214.html
013,http://www.sz.gov.cn/szzt2010/yqfk2020/qktb/content/post_9402854.html
013,http://www.sz.gov.cn/szzt2010/yqfk2020/qktb/content/post_9400443.html
013,http://www.sz.gov.cn/szzt2010/yqfk2020/qktb/content/post_9396825.html
013,http://www.sz.gov.cn/szzt2010/yqfk2020/qktb/content/post_9393801.html
013,http://www.sz.gov.cn/szzt2010/yqfk2020/qktb/content/post_9389343.html
014,http://www.sz.gov.cn/szzt2010/yqfk2020/qktb/content/post_9385960.html
014,http://www.sz.gov.cn/szzt2010/yqfk2020/qktb/content/post_9384799.html
014,http://www.sz.gov.cn/szzt2010/yqfk2020/qktb/content/post_9384650.html
014,http://www.sz.gov.cn/szzt2010/yqfk2020/qktb/content/post_9381902.html
014,http://www.sz.gov.cn/szzt2010/yqfk2020/qktb/content/post_9377487.html
014,http://www.sz.gov.cn/szzt2010/yqfk2020/qktb/content/post_9373440.html
014,http://www.sz.gov.cn/szzt2010/yqfk2020/qktb/content/post_9369847.html
014,http://www.sz.gov.cn/szzt2010/yqfk2020/qktb/content/post_9365330.html
014,http://www.sz.gov.cn/szzt2010/yqfk2020/qktb/content/post_9364772.html
014,http://www.sz.gov.cn/szzt2010/yqfk2020/qktb/content/post_9364538.html
015,http://www.sz.gov.cn/szzt2010/yqfk2020/qktb/content/post_9361859.html
015,http://www.sz.gov.cn/szzt2010/yqfk2020/qktb/content/post_9358323.html
015,http://www.sz.gov.cn/szzt2010/yqfk2020/qktb/content/post_9355323.html
015,http://www.sz.gov.cn/szzt2010/yqfk2020/qktb/content/post_9350954.html
015,http://www.sz.gov.cn/szzt2010/yqfk2020/qktb/content/post_9348310.html
015,http://www.sz.gov.cn/szzt2010/yqfk2020/qktb/content/post_9347340.html
015,http://www.sz.gov.cn/szzt2010/yqfk2020/qktb/content/post_9347131.html
015,http://www.sz.gov.cn/szzt2010/yqfk2020/qktb/content/post_9343935.html
015,http://www.sz.gov.cn/szzt2010/yqfk2020/qktb/content/post_9341268.html
015,http://www.sz.gov.cn/szzt2010/yqfk2020/qktb/content/post_9309899.html
016,http://www.sz.gov.cn/szzt2010/yqfk2020/qktb/content/post_9306484.html
016,http://www.sz.gov.cn/szzt2010/yqfk2020/qktb/content/post_9303129.html
016,http://www.sz.gov.cn/szzt2010/yqfk2020/qktb/content/post_9302441.html
016,http://www.sz.gov.cn/szzt2010/yqfk2020/qktb/content/post_9302195.html
016,http://www.sz.gov.cn/szzt2010/yqfk2020/qktb/content/post_9299527.html
016,http://www.sz.gov.cn/szzt2010/yqfk2020/qktb/content/post_9296584.html
016,http://www.sz.gov.cn/szzt2010/yqfk2020/qktb/content/post_9294033.html
016,http://www.sz.gov.cn/szzt2010/yqfk2020/qktb/content/post_9290789.html
016,http://www.sz.gov.cn/szzt2010/yqfk2020/qktb/content/post_9287686.html
016,http://www.sz.gov.cn/szzt2010/yqfk2020/qktb/content/post_9285179.html
017,http://www.sz.gov.cn/szzt2010/yqfk2020/qktb/content/post_9284072.html
017,http://www.sz.gov.cn/szzt2010/yqfk2020/qktb/content/post_9281451.html
017,http://www.sz.gov.cn/szzt2010/yqfk2020/qktb/content/post_9278497.html
017,http://www.sz.gov.cn/szzt2010/yqfk2020/qktb/content/post_9275147.html
017,http://www.sz.gov.cn/szzt2010/yqfk2020/qktb/content/post_9265910.html
017,http://www.sz.gov.cn/szzt2010/yqfk2020/qktb/content/post_9262422.html
017,http://www.sz.gov.cn/szzt2010/yqfk2020/qktb/content/post_9261666.html
017,http://www.sz.gov.cn/szzt2010/yqfk2020/qktb/content/post_9261486.html
017,http://www.sz.gov.cn/szzt2010/yqfk2020/qktb/content/post_9258191.html
017,http://www.sz.gov.cn/szzt2010/yqfk2020/qktb/content/post_9255496.html
018,http://www.sz.gov.cn/szzt2010/yqfk2020/qktb/content/post_9253390.html
018,http://www.sz.gov.cn/szzt2010/yqfk2020/qktb/content/post_9250181.html
018,http://www.sz.gov.cn/szzt2010/yqfk2020/qktb/content/post_9240556.html
018,http://www.sz.gov.cn/szzt2010/yqfk2020/qktb/content/post_9239996.html
018,http://www.sz.gov.cn/szzt2010/yqfk2020/qktb/content/post_9237891.html
018,http://www.sz.gov.cn/szzt2010/yqfk2020/qktb/content/post_9235308.html
018,http://www.sz.gov.cn/szzt2010/yqfk2020/qktb/content/post_9234288.html
018,http://www.sz.gov.cn/szzt2010/yqfk2020/qktb/content/post_9234218.html
018,http://www.sz.gov.cn/szzt2010/yqfk2020/qktb/content/post_9234052.html
018,http://www.sz.gov.cn/szzt2010/yqfk2020/qktb/content/post_9233974.html
019,http://www.sz.gov.cn/szzt2010/yqfk2020/qktb/content/post_9233862.html
019,http://www.sz.gov.cn/szzt2010/yqfk2020/qktb/content/post_9233760.html
019,http://www.sz.gov.cn/szzt2010/yqfk2020/qktb/content/post_9233300.html
019,http://www.sz.gov.cn/szzt2010/yqfk2020/qktb/content/post_9229552.html
019,http://www.sz.gov.cn/szzt2010/yqfk2020/qktb/content/post_9225993.html
019,http://www.sz.gov.cn/szzt2010/yqfk2020/qktb/content/post_9223118.html
019,http://www.sz.gov.cn/szzt2010/yqfk2020/qktb/content/post_9220428.html
019,http://www.sz.gov.cn/szzt2010/yqfk2020/qktb/content/post_9184085.html
019,http://www.sz.gov.cn/szzt2010/yqfk2020/qktb/content/post_9152219.html
019,http://www.sz.gov.cn/szzt2010/yqfk2020/qktb/content/post_9150466.html
020,http://www.sz.gov.cn/szzt2010/yqfk2020/qktb/content/post_9147279.html
020,http://www.sz.gov.cn/szzt2010/yqfk2020/qktb/content/post_9145172.html
020,http://www.sz.gov.cn/szzt2010/yqfk2020/qktb/content/post_9144380.html
020,http://www.sz.gov.cn/szzt2010/yqfk2020/qktb/content/post_9144302.html
020,http://www.sz.gov.cn/szzt2010/yqfk2020/qktb/content/post_9143998.html
020,http://www.sz.gov.cn/szzt2010/yqfk2020/qktb/content/post_9141343.html
020,http://www.sz.gov.cn/szzt2010/yqfk2020/qktb/content/post_9139185.html
020,http://www.sz.gov.cn/szzt2010/yqfk2020/qktb/content/post_9134587.html
020,http://www.sz.gov.cn/szzt2010/yqfk2020/qktb/content/post_9129231.html
020,http://www.sz.gov.cn/szzt2010/yqfk2020/qktb/content/post_9126181.html
021,http://www.sz.gov.cn/szzt2010/yqfk2020/qktb/content/post_9123092.html
021,http://www.sz.gov.cn/szzt2010/yqfk2020/qktb/content/post_9122612.html
021,http://www.sz.gov.cn/szzt2010/yqfk2020/qktb/content/post_9122452.html
021,http://www.sz.gov.cn/szzt2010/yqfk2020/qktb/content/post_9119175.html
021,http://www.sz.gov.cn/szzt2010/yqfk2020/qktb/content/post_9116217.html
021,http://www.sz.gov.cn/szzt2010/yqfk2020/qktb/content/post_9114137.html
021,http://www.sz.gov.cn/szzt2010/yqfk2020/qktb/content/post_9110114.html
021,http://www.sz.gov.cn/szzt2010/yqfk2020/qktb/content/post_9107217.html
021,http://www.sz.gov.cn/szzt2010/yqfk2020/qktb/content/post_9106508.html
021,http://www.sz.gov.cn/szzt2010/yqfk2020/qktb/content/post_9106331.html
022,http://www.sz.gov.cn/szzt2010/yqfk2020/qktb/content/post_9104705.html
022,http://www.sz.gov.cn/szzt2010/yqfk2020/qktb/content/post_9101510.html
022,http://www.sz.gov.cn/szzt2010/yqfk2020/qktb/content/post_9099114.html
022,http://www.sz.gov.cn/szzt2010/yqfk2020/qktb/content/post_9095921.html
022,http://www.sz.gov.cn/szzt2010/yqfk2020/qktb/content/post_9093039.html
022,http://www.sz.gov.cn/szzt2010/yqfk2020/qktb/content/post_9092173.html
022,http://www.sz.gov.cn/szzt2010/yqfk2020/qktb/content/post_9091992.html
022,http://www.sz.gov.cn/szzt2010/yqfk2020/qktb/content/post_9089771.html
022,http://www.sz.gov.cn/szzt2010/yqfk2020/qktb/content/post_9087421.html
022,http://www.sz.gov.cn/szzt2010/yqfk2020/qktb/content/post_9084538.html
023,http://www.sz.gov.cn/szzt2010/yqfk2020/qktb/content/post_9079117.html
023,http://www.sz.gov.cn/szzt2010/yqfk2020/qktb/content/post_9076493.html
023,http://www.sz.gov.cn/szzt2010/yqfk2020/qktb/content/post_9075324.html
023,http://www.sz.gov.cn/szzt2010/yqfk2020/qktb/content/post_9075169.html
023,http://www.sz.gov.cn/szzt2010/yqfk2020/qktb/content/post_9072567.html
023,http://www.sz.gov.cn/szzt2010/yqfk2020/qktb/content/post_9069453.html
023,http://www.sz.gov.cn/szzt2010/yqfk2020/qktb/content/post_9067249.html
023,http://www.sz.gov.cn/szzt2010/yqfk2020/qktb/content/post_9064722.html
023,http://www.sz.gov.cn/szzt2010/yqfk2020/qktb/content/post_9061981.html
023,http://www.sz.gov.cn/szzt2010/yqfk2020/qktb/content/post_9060874.html
024,http://www.sz.gov.cn/szzt2010/yqfk2020/qktb/content/post_9060740.html
024,http://www.sz.gov.cn/szzt2010/yqfk2020/qktb/content/post_9058513.html
024,http://www.sz.gov.cn/szzt2010/yqfk2020/qktb/content/post_9056071.html
024,http://www.sz.gov.cn/szzt2010/yqfk2020/qktb/content/post_9053277.html
024,http://www.sz.gov.cn/szzt2010/yqfk2020/qktb/content/post_9050379.html
024,http://www.sz.gov.cn/szzt2010/yqfk2020/qktb/content/post_9047709.html
024,http://www.sz.gov.cn/szzt2010/yqfk2020/qktb/content/post_9046728.html
024,http://www.sz.gov.cn/szzt2010/yqfk2020/qktb/content/post_9046667.html
024,http://www.sz.gov.cn/szzt2010/yqfk2020/qktb/content/post_9044537.html
024,http://www.sz.gov.cn/szzt2010/yqfk2020/qktb/content/post_9042142.html
025,http://www.sz.gov.cn/szzt2010/yqfk2020/qktb/content/post_9040079.html
025,http://www.sz.gov.cn/szzt2010/yqfk2020/qktb/content/post_9036187.html
025,http://www.sz.gov.cn/szzt2010/yqfk2020/qktb/content/post_9033581.html
025,http://www.sz.gov.cn/szzt2010/yqfk2020/qktb/content/post_9033141.html
025,http://www.sz.gov.cn/szzt2010/yqfk2020/qktb/content/post_9033031.html
025,http://www.sz.gov.cn/szzt2010/yqfk2020/qktb/content/post_9030648.html
025,http://www.sz.gov.cn/szzt2010/yqfk2020/qktb/content/post_9026351.html
025,http://www.sz.gov.cn/szzt2010/yqfk2020/qktb/content/post_9024403.html
025,http://www.sz.gov.cn/szzt2010/yqfk2020/qktb/content/post_9021812.html
025,http://www.sz.gov.cn/szzt2010/yqfk2020/qktb/content/post_9017084.html
026,http://www.sz.gov.cn/szzt2010/yqfk2020/qktb/content/post_9016570.html
026,http://www.sz.gov.cn/szzt2010/yqfk2020/qktb/content/post_9016406.html
026,http://www.sz.gov.cn/szzt2010/yqfk2020/qktb/content/post_9014241.html
026,http://www.sz.gov.cn/szzt2010/yqfk2020/qktb/content/post_9010375.html
026,http://www.sz.gov.cn/szzt2010/yqfk2020/qktb/content/post_9005663.html
026,http://www.sz.gov.cn/szzt2010/yqfk2020/qktb/content/post_8997084.html
026,http://www.sz.gov.cn/szzt2010/yqfk2020/qktb/content/post_8993641.html
026,http://www.sz.gov.cn/szzt2010/yqfk2020/qktb/content/post_8993198.html
026,http://www.sz.gov.cn/szzt2010/yqfk2020/qktb/content/post_8993004.html
026,http://www.sz.gov.cn/szzt2010/yqfk2020/qktb/content/post_8982254.html
027,http://www.sz.gov.cn/szzt2010/yqfk2020/qktb/content/post_8977417.html
027,http://www.sz.gov.cn/szzt2010/yqfk2020/qktb/content/post_8973020.html
027,http://www.sz.gov.cn/szzt2010/yqfk2020/qktb/content/post_8969862.html
027,http://www.sz.gov.cn/szzt2010/yqfk2020/qktb/content/post_8958694.html
027,http://www.sz.gov.cn/szzt2010/yqfk2020/qktb/content/post_8958396.html
027,http://www.sz.gov.cn/szzt2010/yqfk2020/qktb/content/post_8958319.html
027,http://www.sz.gov.cn/szzt2010/yqfk2020/qktb/content/post_8944923.html
027,http://www.sz.gov.cn/szzt2010/yqfk2020/qktb/content/post_8941440.html
027,http://www.sz.gov.cn/szzt2010/yqfk2020/qktb/content/post_8929756.html
027,http://www.sz.gov.cn/szzt2010/yqfk2020/qktb/content/post_8922406.html
028,http://www.sz.gov.cn/szzt2010/yqfk2020/qktb/content/post_8919905.html
028,http://www.sz.gov.cn/szzt2010/yqfk2020/qktb/content/post_8918383.html
028,http://www.sz.gov.cn/szzt2010/yqfk2020/qktb/content/post_8918135.html
028,http://www.sz.gov.cn/szzt2010/yqfk2020/qktb/content/post_8915020.html
028,http://www.sz.gov.cn/szzt2010/yqfk2020/qktb/content/post_8912804.html
028,http://www.sz.gov.cn/szzt2010/yqfk2020/qktb/content/post_8909022.html
028,http://www.sz.gov.cn/szzt2010/yqfk2020/qktb/content/post_8906121.html
028,http://www.sz.gov.cn/szzt2010/yqfk2020/qktb/content/post_8902989.html
028,http://www.sz.gov.cn/szzt2010/yqfk2020/qktb/content/post_8902591.html
028,http://www.sz.gov.cn/szzt2010/yqfk2020/qktb/content/post_8902460.html
029,http://www.sz.gov.cn/szzt2010/yqfk2020/qktb/content/post_8899684.html
029,http://www.sz.gov.cn/szzt2010/yqfk2020/qktb/content/post_8897395.html
029,http://www.sz.gov.cn/szzt2010/yqfk2020/qktb/content/post_8893911.html
029,http://www.sz.gov.cn/szzt2010/yqfk2020/qktb/content/post_8877826.html
029,http://www.sz.gov.cn/szzt2010/yqfk2020/qktb/content/post_8875239.html
029,http://www.sz.gov.cn/szzt2010/yqfk2020/qktb/content/post_8874480.html
029,http://www.sz.gov.cn/szzt2010/yqfk2020/qktb/content/post_8874283.html
029,http://www.sz.gov.cn/szzt2010/yqfk2020/qktb/content/post_8870122.html
029,http://www.sz.gov.cn/szzt2010/yqfk2020/qktb/content/post_8867257.html
029,http://www.sz.gov.cn/szzt2010/yqfk2020/qktb/content/post_8865387.html
030,http://www.sz.gov.cn/szzt2010/yqfk2020/qktb/content/post_8863748.html
030,http://www.sz.gov.cn/szzt2010/yqfk2020/qktb/content/post_8861413.html
030,http://www.sz.gov.cn/szzt2010/yqfk2020/qktb/content/post_8861273.html
030,http://www.sz.gov.cn/szzt2010/yqfk2020/qktb/content/post_8861210.html
030,http://www.sz.gov.cn/szzt2010/yqfk2020/qktb/content/post_8858752.html
030,http://www.sz.gov.cn/szzt2010/yqfk2020/qktb/content/post_8856102.html
030,http://www.sz.gov.cn/szzt2010/yqfk2020/qktb/content/post_8853345.html
030,http://www.sz.gov.cn/szzt2010/yqfk2020/qktb/content/post_8852686.html
030,http://www.sz.gov.cn/szzt2010/yqfk2020/qktb/content/post_8844829.html
030,http://www.sz.gov.cn/szzt2010/yqfk2020/qktb/content/post_8843877.html
031,http://www.sz.gov.cn/szzt2010/yqfk2020/qktb/content/post_8843769.html
031,http://www.sz.gov.cn/szzt2010/yqfk2020/qktb/content/post_8843765.html
031,http://www.sz.gov.cn/szzt2010/yqfk2020/qktb/content/post_8823058.html
031,http://www.sz.gov.cn/szzt2010/yqfk2020/qktb/content/post_8818708.html
031,http://www.sz.gov.cn/szzt2010/yqfk2020/qktb/content/post_8817049.html
031,http://www.sz.gov.cn/szzt2010/yqfk2020/qktb/content/post_8813789.html
031,http://www.sz.gov.cn/szzt2010/yqfk2020/qktb/content/post_8813072.html
031,http://www.sz.gov.cn/szzt2010/yqfk2020/qktb/content/post_8812879.html
031,http://www.sz.gov.cn/szzt2010/yqfk2020/qktb/content/post_8812681.html
031,http://www.sz.gov.cn/szzt2010/yqfk2020/qktb/content/post_8807450.html
032,http://www.sz.gov.cn/szzt2010/yqfk2020/qktb/content/post_8805543.html
032,http://www.sz.gov.cn/szzt2010/yqfk2020/qktb/content/post_8801578.html
032,http://www.sz.gov.cn/szzt2010/yqfk2020/qktb/content/post_8794315.html
032,http://www.sz.gov.cn/szzt2010/yqfk2020/qktb/content/post_8793791.html
032,http://www.sz.gov.cn/szzt2010/yqfk2020/qktb/content/post_8790560.html
032,http://www.sz.gov.cn/szzt2010/yqfk2020/qktb/content/post_8785165.html
032,http://www.sz.gov.cn/szzt2010/yqfk2020/qktb/content/post_8782220.html
032,http://www.sz.gov.cn/szzt2010/yqfk2020/qktb/content/post_8777309.html
032,http://www.sz.gov.cn/szzt2010/yqfk2020/qktb/content/post_8774813.html
032,http://www.sz.gov.cn/szzt2010/yqfk2020/qktb/content/post_8772170.html
033,http://www.sz.gov.cn/szzt2010/yqfk2020/qktb/content/post_8771650.html
033,http://www.sz.gov.cn/szzt2010/yqfk2020/qktb/content/post_8771602.html
033,http://www.sz.gov.cn/szzt2010/yqfk2020/qktb/content/post_8769359.html
033,http://www.sz.gov.cn/szzt2010/yqfk2020/qktb/content/post_8766576.html
033,http://www.sz.gov.cn/szzt2010/yqfk2020/qktb/content/post_8762378.html
033,http://www.sz.gov.cn/szzt2010/yqfk2020/qktb/content/post_8759162.html
033,http://www.sz.gov.cn/szzt2010/yqfk2020/qktb/content/post_8752677.html
033,http://www.sz.gov.cn/szzt2010/yqfk2020/qktb/content/post_8751478.html
033,http://www.sz.gov.cn/szzt2010/yqfk2020/qktb/content/post_8748489.html
033,http://www.sz.gov.cn/szzt2010/yqfk2020/qktb/content/post_8745765.html
034,http://www.sz.gov.cn/szzt2010/yqfk2020/qktb/content/post_8741207.html
034,http://www.sz.gov.cn/szzt2010/yqfk2020/qktb/content/post_8740797.html
034,http://www.sz.gov.cn/szzt2010/yqfk2020/qktb/content/post_8740756.html
034,http://www.sz.gov.cn/szzt2010/yqfk2020/qktb/content/post_8740720.html
034,http://www.sz.gov.cn/szzt2010/yqfk2020/qktb/content/post_8740606.html
034,http://www.sz.gov.cn/szzt2010/yqfk2020/qktb/content/post_8740485.html
034,http://www.sz.gov.cn/szzt2010/yqfk2020/qktb/content/post_8736796.html
034,http://www.sz.gov.cn/szzt2010/yqfk2020/qktb/content/post_8734282.html
034,http://www.sz.gov.cn/szzt2010/yqfk2020/qktb/content/post_8731448.html
034,http://www.sz.gov.cn/szzt2010/yqfk2020/qktb/content/post_8728838.html
035,http://www.sz.gov.cn/szzt2010/yqfk2020/qktb/content/post_8724713.html
035,http://www.sz.gov.cn/szzt2010/yqfk2020/qktb/content/post_8720867.html
035,http://www.sz.gov.cn/szzt2010/yqfk2020/qktb/content/post_8720452.html
035,http://www.sz.gov.cn/szzt2010/yqfk2020/qktb/content/post_8717314.html
035,http://www.sz.gov.cn/szzt2010/yqfk2020/qktb/content/post_8712103.html
035,http://www.sz.gov.cn/szzt2010/yqfk2020/qktb/content/post_8709668.html
035,http://www.sz.gov.cn/szzt2010/yqfk2020/qktb/content/post_8706009.html
035,http://www.sz.gov.cn/szzt2010/yqfk2020/qktb/content/post_8701771.html
035,http://www.sz.gov.cn/szzt2010/yqfk2020/qktb/content/post_8701586.html
035,http://www.sz.gov.cn/szzt2010/yqfk2020/qktb/content/post_8701541.html
036,http://www.sz.gov.cn/szzt2010/yqfk2020/qktb/content/post_8697412.html
036,http://www.sz.gov.cn/szzt2010/yqfk2020/qktb/content/post_8694594.html
036,http://www.sz.gov.cn/szzt2010/yqfk2020/qktb/content/post_8691675.html
036,http://www.sz.gov.cn/szzt2010/yqfk2020/qktb/content/post_8689222.html
036,http://www.sz.gov.cn/szzt2010/yqfk2020/qktb/content/post_8686357.html
036,http://www.sz.gov.cn/szzt2010/yqfk2020/qktb/content/post_8686006.html
036,http://www.sz.gov.cn/szzt2010/yqfk2020/qktb/content/post_8685941.html
036,http://www.sz.gov.cn/szzt2010/yqfk2020/qktb/content/post_8683012.html
036,http://www.sz.gov.cn/szzt2010/yqfk2020/qktb/content/post_8678144.html
036,http://www.sz.gov.cn/szzt2010/yqfk2020/qktb/content/post_8675383.html
037,http://www.sz.gov.cn/szzt2010/yqfk2020/qktb/content/post_8672701.html
037,http://www.sz.gov.cn/szzt2010/yqfk2020/qktb/content/post_8672353.html
037,http://www.sz.gov.cn/szzt2010/yqfk2020/qktb/content/post_8672282.html
037,http://www.sz.gov.cn/szzt2010/yqfk2020/qktb/content/post_8672239.html
037,http://www.sz.gov.cn/szzt2010/yqfk2020/qktb/content/post_8669563.html
037,http://www.sz.gov.cn/szzt2010/yqfk2020/qktb/content/post_8666679.html
037,http://www.sz.gov.cn/szzt2010/yqfk2020/qktb/content/post_8660162.html
037,http://www.sz.gov.cn/szzt2010/yqfk2020/qktb/content/post_8657047.html
037,http://www.sz.gov.cn/szzt2010/yqfk2020/qktb/content/post_8654198.html
037,http://www.sz.gov.cn/szzt2010/yqfk2020/qktb/content/post_8653840.html
038,http://www.sz.gov.cn/szzt2010/yqfk2020/qktb/content/post_8653804.html
038,http://www.sz.gov.cn/szzt2010/yqfk2020/qktb/content/post_8650848.html
038,http://www.sz.gov.cn/szzt2010/yqfk2020/qktb/content/post_8648244.html
038,http://www.sz.gov.cn/szzt2010/yqfk2020/qktb/content/post_8645726.html
038,http://www.sz.gov.cn/szzt2010/yqfk2020/qktb/content/post_8643496.html
038,http://www.sz.gov.cn/szzt2010/yqfk2020/qktb/content/post_8641831.html
038,http://www.sz.gov.cn/szzt2010/yqfk2020/qktb/content/post_8641180.html
038,http://www.sz.gov.cn/szzt2010/yqfk2020/qktb/content/post_8641118.html
038,http://www.sz.gov.cn/szzt2010/yqfk2020/qktb/content/post_8638878.html
038,http://www.sz.gov.cn/szzt2010/yqfk2020/qktb/content/post_8634186.html
039,http://www.sz.gov.cn/szzt2010/yqfk2020/qktb/content/post_8614753.html
039,http://www.sz.gov.cn/szzt2010/yqfk2020/qktb/content/post_8609145.html
039,http://www.sz.gov.cn/szzt2010/yqfk2020/qktb/content/post_8605272.html
039,http://www.sz.gov.cn/szzt2010/yqfk2020/qktb/content/post_8604941.html
039,http://www.sz.gov.cn/szzt2010/yqfk2020/qktb/content/post_8604877.html
039,http://www.sz.gov.cn/szzt2010/yqfk2020/qktb/content/post_8599901.html
039,http://www.sz.gov.cn/szzt2010/yqfk2020/qktb/content/post_8595569.html
039,http://www.sz.gov.cn/szzt2010/yqfk2020/qktb/content/post_8593281.html
039,http://www.sz.gov.cn/szzt2010/yqfk2020/qktb/content/post_8590776.html
039,http://www.sz.gov.cn/szzt2010/yqfk2020/qktb/content/post_8588889.html
040,http://www.sz.gov.cn/szzt2010/yqfk2020/qktb/content/post_8588775.html
040,http://www.sz.gov.cn/szzt2010/yqfk2020/qktb/content/post_8588723.html
040,http://www.sz.gov.cn/szzt2010/yqfk2020/qktb/content/post_8585811.html
040,http://www.sz.gov.cn/szzt2010/yqfk2020/qktb/content/post_8582985.html
040,http://www.sz.gov.cn/szzt2010/yqfk2020/qktb/content/post_8580352.html
040,http://www.sz.gov.cn/szzt2010/yqfk2020/qktb/content/post_8577435.html
040,http://www.sz.gov.cn/szzt2010/yqfk2020/qktb/content/post_8574181.html
040,http://www.sz.gov.cn/szzt2010/yqfk2020/qktb/content/post_8573851.html
040,http://www.sz.gov.cn/szzt2010/yqfk2020/qktb/content/post_8573809.html
040,http://www.sz.gov.cn/szzt2010/yqfk2020/qktb/content/post_8570981.html
041,http://www.sz.gov.cn/szzt2010/yqfk2020/qktb/content/post_8568342.html
041,http://www.sz.gov.cn/szzt2010/yqfk2020/qktb/content/post_8565519.html
041,http://www.sz.gov.cn/szzt2010/yqfk2020/qktb/content/post_8563448.html
041,http://www.sz.gov.cn/szzt2010/yqfk2020/qktb/content/post_8560878.html
041,http://www.sz.gov.cn/szzt2010/yqfk2020/qktb/content/post_8560675.html
041,http://www.sz.gov.cn/szzt2010/yqfk2020/qktb/content/post_8558764.html
041,http://www.sz.gov.cn/szzt2010/yqfk2020/qktb/content/post_8556574.html
041,http://www.sz.gov.cn/szzt2010/yqfk2020/qktb/content/post_8554990.html
041,http://www.sz.gov.cn/szzt2010/yqfk2020/qktb/content/post_8554752.html
041,http://www.sz.gov.cn/szzt2010/yqfk2020/qktb/content/post_8554687.html
042,http://www.sz.gov.cn/szzt2010/yqfk2020/qktb/content/post_8554633.html
042,http://www.sz.gov.cn/szzt2010/yqfk2020/qktb/content/post_8554542.html
042,http://www.sz.gov.cn/szzt2010/yqfk2020/qktb/content/post_8554476.html
042,http://www.sz.gov.cn/szzt2010/yqfk2020/qktb/content/post_8554400.html
042,http://www.sz.gov.cn/szzt2010/yqfk2020/qktb/content/post_8554249.html
042,http://www.sz.gov.cn/szzt2010/yqfk2020/qktb/content/post_8551899.html
042,http://www.sz.gov.cn/szzt2010/yqfk2020/qktb/content/post_8549269.html
042,http://www.sz.gov.cn/szzt2010/yqfk2020/qktb/content/post_8544686.html
042,http://www.sz.gov.cn/szzt2010/yqfk2020/qktb/content/post_8542499.html
042,http://www.sz.gov.cn/szzt2010/yqfk2020/qktb/content/post_8542263.html
043,http://www.sz.gov.cn/szzt2010/yqfk2020/qktb/content/post_8539274.html
043,http://www.sz.gov.cn/szzt2010/yqfk2020/qktb/content/post_8536937.html
043,http://www.sz.gov.cn/szzt2010/yqfk2020/qktb/content/post_8534503.html
043,http://www.sz.gov.cn/szzt2010/yqfk2020/qktb/content/post_8532194.html
043,http://www.sz.gov.cn/szzt2010/yqfk2020/qktb/content/post_8529177.html
043,http://www.sz.gov.cn/szzt2010/yqfk2020/qktb/content/post_8528980.html
043,http://www.sz.gov.cn/szzt2010/yqfk2020/qktb/content/post_8528922.html
043,http://www.sz.gov.cn/szzt2010/yqfk2020/qktb/content/post_8526110.html
043,http://www.sz.gov.cn/szzt2010/yqfk2020/qktb/content/post_8522783.html
043,http://www.sz.gov.cn/szzt2010/yqfk2020/qktb/content/post_8519890.html
044,http://www.sz.gov.cn/szzt2010/yqfk2020/qktb/content/post_8517512.html
044,http://www.sz.gov.cn/szzt2010/yqfk2020/qktb/content/post_8514657.html
044,http://www.sz.gov.cn/szzt2010/yqfk2020/qktb/content/post_8514450.html
044,http://www.sz.gov.cn/szzt2010/yqfk2020/qktb/content/post_8514380.html
044,http://www.sz.gov.cn/szzt2010/yqfk2020/qktb/content/post_8512083.html
044,http://www.sz.gov.cn/szzt2010/yqfk2020/qktb/content/post_8510130.html
044,http://www.sz.gov.cn/szzt2010/yqfk2020/qktb/content/post_8507348.html
044,http://www.sz.gov.cn/szzt2010/yqfk2020/qktb/content/post_8473765.html
044,http://www.sz.gov.cn/szzt2010/yqfk2020/qktb/content/post_8470946.html
044,http://www.sz.gov.cn/szzt2010/yqfk2020/qktb/content/post_8470772.html
045,http://www.sz.gov.cn/szzt2010/yqfk2020/qktb/content/post_8470742.html
045,http://www.sz.gov.cn/szzt2010/yqfk2020/qktb/content/post_8467795.html
045,http://www.sz.gov.cn/szzt2010/yqfk2020/qktb/content/post_8464215.html
045,http://www.sz.gov.cn/szzt2010/yqfk2020/qktb/content/post_8410194.html
045,http://www.sz.gov.cn/szzt2010/yqfk2020/qktb/content/post_8407794.html
045,http://www.sz.gov.cn/szzt2010/yqfk2020/qktb/content/post_8405072.html
045,http://www.sz.gov.cn/szzt2010/yqfk2020/qktb/content/post_8404564.html
045,http://www.sz.gov.cn/szzt2010/yqfk2020/qktb/content/post_8404513.html
045,http://www.sz.gov.cn/szzt2010/yqfk2020/qktb/content/post_8402018.html
045,http://www.sz.gov.cn/szzt2010/yqfk2020/qktb/content/post_8399409.html
046,http://www.sz.gov.cn/szzt2010/yqfk2020/qktb/content/post_8397145.html
046,http://www.sz.gov.cn/szzt2010/yqfk2020/qktb/content/post_8393408.html
046,http://www.sz.gov.cn/szzt2010/yqfk2020/qktb/content/post_8389704.html
046,http://www.sz.gov.cn/szzt2010/yqfk2020/qktb/content/post_8389420.html
046,http://www.sz.gov.cn/szzt2010/yqfk2020/qktb/content/post_8389375.html
046,http://www.sz.gov.cn/szzt2010/yqfk2020/qktb/content/post_8389347.html
046,http://www.sz.gov.cn/szzt2010/yqfk2020/qktb/content/post_8385806.html
046,http://www.sz.gov.cn/szzt2010/yqfk2020/qktb/content/post_8382967.html
046,http://www.sz.gov.cn/szzt2010/yqfk2020/qktb/content/post_8379603.html
046,http://www.sz.gov.cn/szzt2010/yqfk2020/qktb/content/post_8376731.html
047,http://www.sz.gov.cn/szzt2010/yqfk2020/qktb/content/post_8376514.html
047,http://www.sz.gov.cn/szzt2010/yqfk2020/qktb/content/post_8376400.html
047,http://www.sz.gov.cn/szzt2010/yqfk2020/qktb/content/post_8372320.html
047,http://www.sz.gov.cn/szzt2010/yqfk2020/qktb/content/post_8369445.html
047,http://www.sz.gov.cn/szzt2010/yqfk2020/qktb/content/post_8366118.html
047,http://www.sz.gov.cn/szzt2010/yqfk2020/qktb/content/post_8363772.html
047,http://www.sz.gov.cn/szzt2010/yqfk2020/qktb/content/post_8361113.html
047,http://www.sz.gov.cn/szzt2010/yqfk2020/qktb/content/post_8360880.html
047,http://www.sz.gov.cn/szzt2010/yqfk2020/qktb/content/post_8360820.html
047,http://www.sz.gov.cn/szzt2010/yqfk2020/qktb/content/post_8358098.html
048,http://www.sz.gov.cn/szzt2010/yqfk2020/qktb/content/post_8355634.html
048,http://www.sz.gov.cn/szzt2010/yqfk2020/qktb/content/post_8351198.html
048,http://www.sz.gov.cn/szzt2010/yqfk2020/qktb/content/post_8348516.html
048,http://www.sz.gov.cn/szzt2010/yqfk2020/qktb/content/post_8343776.html
048,http://www.sz.gov.cn/szzt2010/yqfk2020/qktb/content/post_8343330.html
048,http://www.sz.gov.cn/szzt2010/yqfk2020/qktb/content/post_8343155.html
048,http://www.sz.gov.cn/szzt2010/yqfk2020/qktb/content/post_8339983.html
048,http://www.sz.gov.cn/szzt2010/yqfk2020/qktb/content/post_8335186.html
048,http://www.sz.gov.cn/szzt2010/yqfk2020/qktb/content/post_8332047.html
048,http://www.sz.gov.cn/szzt2010/yqfk2020/qktb/content/post_8329295.html
049,http://www.sz.gov.cn/szzt2010/yqfk2020/qktb/content/post_8325921.html
049,http://www.sz.gov.cn/szzt2010/yqfk2020/qktb/content/post_8325661.html
049,http://www.sz.gov.cn/szzt2010/yqfk2020/qktb/content/post_8325331.html
049,http://www.sz.gov.cn/szzt2010/yqfk2020/qktb/content/post_8322255.html
049,http://www.sz.gov.cn/szzt2010/yqfk2020/qktb/content/post_8319018.html
049,http://www.sz.gov.cn/szzt2010/yqfk2020/qktb/content/post_8314216.html
049,http://www.sz.gov.cn/szzt2010/yqfk2020/qktb/content/post_8310732.html
049,http://www.sz.gov.cn/szzt2010/yqfk2020/qktb/content/post_8307232.html
049,http://www.sz.gov.cn/szzt2010/yqfk2020/qktb/content/post_8306919.html
049,http://www.sz.gov.cn/szzt2010/yqfk2020/qktb/content/post_8306631.html
050,http://www.sz.gov.cn/szzt2010/yqfk2020/qktb/content/post_8303631.html
050,http://www.sz.gov.cn/szzt2010/yqfk2020/qktb/content/post_8300804.html
050,http://www.sz.gov.cn/szzt2010/yqfk2020/qktb/content/post_8296707.html
050,http://www.sz.gov.cn/szzt2010/yqfk2020/qktb/content/post_8292913.html
050,http://www.sz.gov.cn/szzt2010/yqfk2020/qktb/content/post_8289557.html
050,http://www.sz.gov.cn/szzt2010/yqfk2020/qktb/content/post_8289209.html
050,http://www.sz.gov.cn/szzt2010/yqfk2020/qktb/content/post_8288971.html
050,http://www.sz.gov.cn/szzt2010/yqfk2020/qktb/content/post_8285044.html
050,http://www.sz.gov.cn/szzt2010/yqfk2020/qktb/content/post_8280285.html
050,http://www.sz.gov.cn/szzt2010/yqfk2020/qktb/content/post_8276364.html
051,http://www.sz.gov.cn/szzt2010/yqfk2020/qktb/content/post_8272528.html
051,http://www.sz.gov.cn/szzt2010/yqfk2020/qktb/content/post_8266817.html
051,http://www.sz.gov.cn/szzt2010/yqfk2020/qktb/content/post_8265815.html
051,http://www.sz.gov.cn/szzt2010/yqfk2020/qktb/content/post_8265689.html
051,http://www.sz.gov.cn/szzt2010/yqfk2020/qktb/content/post_8262455.html
051,http://www.sz.gov.cn/szzt2010/yqfk2020/qktb/content/post_8258824.html
051,http://www.sz.gov.cn/szzt2010/yqfk2020/qktb/content/post_8255579.html
051,http://www.sz.gov.cn/szzt2010/yqfk2020/qktb/content/post_8252374.html
051,http://www.sz.gov.cn/szzt2010/yqfk2020/qktb/content/post_8249699.html
051,http://www.sz.gov.cn/szzt2010/yqfk2020/qktb/content/post_8249417.html
052,http://www.sz.gov.cn/szzt2010/yqfk2020/qktb/content/post_8249256.html
052,http://www.sz.gov.cn/szzt2010/yqfk2020/qktb/content/post_8246404.html
052,http://www.sz.gov.cn/szzt2010/yqfk2020/qktb/content/post_8243589.html
052,http://www.sz.gov.cn/szzt2010/yqfk2020/qktb/content/post_8240896.html
052,http://www.sz.gov.cn/szzt2010/yqfk2020/qktb/content/post_8237686.html
052,http://www.sz.gov.cn/szzt2010/yqfk2020/qktb/content/post_8233636.html
052,http://www.sz.gov.cn/szzt2010/yqfk2020/qktb/content/post_8233399.html
052,http://www.sz.gov.cn/szzt2010/yqfk2020/qktb/content/post_8233213.html
052,http://www.sz.gov.cn/szzt2010/yqfk2020/qktb/content/post_8230189.html
052,http://www.sz.gov.cn/szzt2010/yqfk2020/qktb/content/post_8213556.html
053,http://www.sz.gov.cn/szzt2010/yqfk2020/qktb/content/post_8207326.html
053,http://www.sz.gov.cn/szzt2010/yqfk2020/qktb/content/post_8204326.html
053,http://www.sz.gov.cn/szzt2010/yqfk2020/qktb/content/post_8197490.html
053,http://www.sz.gov.cn/szzt2010/yqfk2020/qktb/content/post_8197315.html
053,http://www.sz.gov.cn/szzt2010/yqfk2020/qktb/content/post_8197146.html
053,http://www.sz.gov.cn/szzt2010/yqfk2020/qktb/content/post_8193837.html
053,http://www.sz.gov.cn/szzt2010/yqfk2020/qktb/content/post_8191482.html
053,http://www.sz.gov.cn/szzt2010/yqfk2020/qktb/content/post_8187732.html
053,http://www.sz.gov.cn/szzt2010/yqfk2020/qktb/content/post_8184954.html
053,http://www.sz.gov.cn/szzt2010/yqfk2020/qktb/content/post_8181117.html
054,http://www.sz.gov.cn/szzt2010/yqfk2020/qktb/content/post_8180702.html
054,http://www.sz.gov.cn/szzt2010/yqfk2020/qktb/content/post_8180623.html
054,http://www.sz.gov.cn/szzt2010/yqfk2020/qktb/content/post_8177345.html
054,http://www.sz.gov.cn/szzt2010/yqfk2020/qktb/content/post_8174749.html
054,http://www.sz.gov.cn/szzt2010/yqfk2020/qktb/content/post_8172508.html
054,http://www.sz.gov.cn/szzt2010/yqfk2020/qktb/content/post_8169720.html
054,http://www.sz.gov.cn/szzt2010/yqfk2020/qktb/content/post_8166641.html
054,http://www.sz.gov.cn/szzt2010/yqfk2020/qktb/content/post_8166299.html
054,http://www.sz.gov.cn/szzt2010/yqfk2020/qktb/content/post_8164094.html
054,http://www.sz.gov.cn/szzt2010/yqfk2020/qktb/content/post_8160362.html
055,http://www.sz.gov.cn/szzt2010/yqfk2020/qktb/content/post_8159967.html
055,http://www.sz.gov.cn/szzt2010/yqfk2020/qktb/content/post_8159879.html
055,http://www.sz.gov.cn/szzt2010/yqfk2020/qktb/content/post_8159736.html
055,http://www.sz.gov.cn/szzt2010/yqfk2020/qktb/content/post_8159646.html
055,http://www.sz.gov.cn/szzt2010/yqfk2020/qktb/content/post_8159570.html
055,http://www.sz.gov.cn/szzt2010/yqfk2020/qktb/content/post_8159505.html
055,http://www.sz.gov.cn/szzt2010/yqfk2020/qktb/content/post_8159440.html
055,http://www.sz.gov.cn/szzt2010/yqfk2020/qktb/content/post_8159364.html
055,http://www.sz.gov.cn/szzt2010/yqfk2020/qktb/content/post_8155191.html
055,http://www.sz.gov.cn/szzt2010/yqfk2020/qktb/content/post_8150045.html
056,http://www.sz.gov.cn/szzt2010/yqfk2020/qktb/content/post_8146619.html
056,http://www.sz.gov.cn/szzt2010/yqfk2020/qktb/content/post_8143251.html
056,http://www.sz.gov.cn/szzt2010/yqfk2020/qktb/content/post_8138241.html
056,http://www.sz.gov.cn/szzt2010/yqfk2020/qktb/content/post_8135014.html
056,http://www.sz.gov.cn/szzt2010/yqfk2020/qktb/content/post_8131625.html
056,http://www.sz.gov.cn/szzt2010/yqfk2020/qktb/content/post_8128718.html
056,http://www.sz.gov.cn/szzt2010/yqfk2020/qktb/content/post_8125834.html
056,http://www.sz.gov.cn/szzt2010/yqfk2020/qktb/content/post_8122820.html
056,http://www.sz.gov.cn/szzt2010/yqfk2020/qktb/content/post_8122533.html
056,http://www.sz.gov.cn/szzt2010/yqfk2020/qktb/content/post_8122273.html
057,http://www.sz.gov.cn/szzt2010/yqfk2020/qktb/content/post_8119402.html
057,http://www.sz.gov.cn/szzt2010/yqfk2020/qktb/content/post_8111176.html
057,http://www.sz.gov.cn/szzt2010/yqfk2020/qktb/content/post_8099726.html
057,http://www.sz.gov.cn/szzt2010/yqfk2020/qktb/content/post_8094266.html
057,http://www.sz.gov.cn/szzt2010/yqfk2020/qktb/content/post_8091394.html
057,http://www.sz.gov.cn/szzt2010/yqfk2020/qktb/content/post_8091025.html
057,http://www.sz.gov.cn/szzt2010/yqfk2020/qktb/content/post_8090883.html
057,http://www.sz.gov.cn/szzt2010/yqfk2020/qktb/content/post_8082173.html
057,http://www.sz.gov.cn/szzt2010/yqfk2020/qktb/content/post_8076425.html
057,http://www.sz.gov.cn/szzt2010/yqfk2020/qktb/content/post_8073247.html
058,http://www.sz.gov.cn/szzt2010/yqfk2020/qktb/content/post_8067566.html
058,http://www.sz.gov.cn/szzt2010/yqfk2020/qktb/content/post_8064564.html
058,http://www.sz.gov.cn/szzt2010/yqfk2020/qktb/content/post_8064410.html
058,http://www.sz.gov.cn/szzt2010/yqfk2020/qktb/content/post_8064199.html
058,http://www.sz.gov.cn/szzt2010/yqfk2020/qktb/content/post_8061446.html
058,http://www.sz.gov.cn/szzt2010/yqfk2020/qktb/content/post_8056565.html
058,http://www.sz.gov.cn/szzt2010/yqfk2020/qktb/content/post_8050598.html
058,http://www.sz.gov.cn/szzt2010/yqfk2020/qktb/content/post_8047612.html
058,http://www.sz.gov.cn/szzt2010/yqfk2020/qktb/content/post_8042928.html
058,http://www.sz.gov.cn/szzt2010/yqfk2020/qktb/content/post_8042693.html
059,http://www.sz.gov.cn/szzt2010/yqfk2020/qktb/content/post_8042539.html
059,http://www.sz.gov.cn/szzt2010/yqfk2020/qktb/content/post_8039811.html
059,http://www.sz.gov.cn/szzt2010/yqfk2020/qktb/content/post_8036954.html
059,http://www.sz.gov.cn/szzt2010/yqfk2020/qktb/content/post_8034232.html
059,http://www.sz.gov.cn/szzt2010/yqfk2020/qktb/content/post_8031503.html
059,http://www.sz.gov.cn/szzt2010/yqfk2020/qktb/content/post_8028118.html
059,http://www.sz.gov.cn/szzt2010/yqfk2020/qktb/content/post_8027873.html
059,http://www.sz.gov.cn/szzt2010/yqfk2020/qktb/content/post_8027743.html
059,http://www.sz.gov.cn/szzt2010/yqfk2020/qktb/content/post_8024799.html
059,http://www.sz.gov.cn/szzt2010/yqfk2020/qktb/content/post_8016032.html
060,http://www.sz.gov.cn/szzt2010/yqfk2020/qktb/content/post_8011900.html
060,http://www.sz.gov.cn/szzt2010/yqfk2020/qktb/content/post_8008790.html
060,http://www.sz.gov.cn/szzt2010/yqfk2020/qktb/content/post_8004691.html
060,http://www.sz.gov.cn/szzt2010/yqfk2020/qktb/content/post_8004337.html
060,http://www.sz.gov.cn/szzt2010/yqfk2020/qktb/content/post_8004015.html
060,http://www.sz.gov.cn/szzt2010/yqfk2020/qktb/content/post_8000833.html
060,http://www.sz.gov.cn/szzt2010/yqfk2020/qktb/content/post_7998474.html
060,http://www.sz.gov.cn/szzt2010/yqfk2020/qktb/content/post_7995143.html
060,http://www.sz.gov.cn/szzt2010/yqfk2020/qktb/content/post_7992164.html
060,http://www.sz.gov.cn/szzt2010/yqfk2020/qktb/content/post_7989118.html
